{
    "devices" : [        
        {
            "type" : "input",
            "id" : null,
            "channels" : null
        },
        {
            "type" : "output",
            "id" : null,
            "channels" : null
        }
    ],
    "dtype": "int32",
    "duration": 10,    
    "frequence": 49000,
    "soundfiles_dir": "Lamia\\toolgeneral\\VoiceRecorder\\main\\AudioFiles\\",
    "extension_type": ".wav",
    "configuration_dir": "VoiceRecorder\\main\\Configuration\\"
}