[{"sql": {"type": "Observation", "id": 1}, "couch": {"type": "Desordre", "id": "3de495a08a4cfe462834767ca3036d24"}}, {"sql": {"type": "Noeud", "id": 1}, "couch": {"type": "BorneDigue", "id": "3de495a08a4cfe462834767ca3039e07"}}, {"sql": {"type": "Noeud", "id": 2}, "couch": {"type": "BorneDigue", "id": "3de495a08a4cfe462834767ca303a55b"}}, {"sql": {"type": "Noeud", "id": 3}, "couch": {"type": "BorneDigue", "id": "3de495a08a4cfe462834767ca303b5b6"}}, {"sql": {"type": "Noeud", "id": 4}, "couch": {"type": "BorneDigue", "id": "3de495a08a4cfe462834767ca303bbd5"}}, {"sql": {"type": "Noeud", "id": 5}, "couch": {"type": "BorneDigue", "id": "3de495a08a4cfe462834767ca303d585"}}, {"sql": {"type": "Noeud", "id": 6}, "couch": {"type": "BorneDigue", "id": "3de495a08a4cfe462834767ca303d6d6"}}, {"sql": {"type": "Infralineaire", "id": 1}, "couch": {"type": "TronconDigue", "id": "3de495a08a4cfe462834767ca303b17d"}}, {"sql": {"type": "Infralineaire", "id": 2}, "couch": {"type": "TronconDigue", "id": "3de495a08a4cfe462834767ca303cb0c"}}, {"sql": {"type": "Infralineaire", "id": 3}, "couch": {"type": "TronconDigue", "id": "3de495a08a4cfe462834767ca303d6f8"}}, {"sql": {"type": "Desordre", "id": 1}, "couch": {"type": "Desordre", "id": "3de495a08a4cfe462834767ca3036d24"}}, {"sql": {"type": "Desordre", "id": 2}, "couch": {"type": "Desordre", "id": "98ab988ce35a6dd05097dda365000a7b"}}, {"sql": {"type": "Desordre", "id": 3}, "couch": {"type": "Desordre", "id": "98ab988ce35a6dd05097dda365001950"}}]