[{"sql": {"type": "Noeud", "id": 1}, "couch": {"type": "BorneDigue", "id": "15ebdf498e143af398f0c649f40091f0"}}, {"sql": {"type": "Noeud", "id": 2}, "couch": {"type": "BorneDigue", "id": "15ebdf498e143af398f0c649f4009984"}}, {"sql": {"type": "Noeud", "id": 3}, "couch": {"type": "BorneDigue", "id": "15ebdf498e143af398f0c649f400b75d"}}, {"sql": {"type": "Noeud", "id": 4}, "couch": {"type": "BorneDigue", "id": "15ebdf498e143af398f0c649f400c2cd"}}, {"sql": {"type": "Noeud", "id": 5}, "couch": {"type": "BorneDigue", "id": "15ebdf498e143af398f0c649f400d5dd"}}, {"sql": {"type": "Noeud", "id": 6}, "couch": {"type": "BorneDigue", "id": "15ebdf498e143af398f0c649f400dd6a"}}, {"sql": {"type": "Noeud", "id": 7}, "couch": {"type": "BorneDigue", "id": "15ebdf498e143af398f0c649f400e488"}}, {"sql": {"type": "Noeud", "id": 8}, "couch": {"type": "BorneDigue", "id": "15ebdf498e143af398f0c649f400e76d"}}, {"sql": {"type": "Noeud", "id": 9}, "couch": {"type": "BorneDigue", "id": "15ebdf498e143af398f0c649f4010302"}}, {"sql": {"type": "Noeud", "id": 10}, "couch": {"type": "BorneDigue", "id": "15ebdf498e143af398f0c649f4011279"}}, {"sql": {"type": "Infralineaire", "id": 1}, "couch": {"type": "TronconDigue", "id": "15ebdf498e143af398f0c649f4007d35"}}, {"sql": {"type": "Infralineaire", "id": 2}, "couch": {"type": "TronconDigue", "id": "15ebdf498e143af398f0c649f400a251"}}, {"sql": {"type": "Infralineaire", "id": 3}, "couch": {"type": "TronconDigue", "id": "15ebdf498e143af398f0c649f400c39f"}}, {"sql": {"type": "Infralineaire", "id": 4}, "couch": {"type": "TronconDigue", "id": "15ebdf498e143af398f0c649f400de38"}}, {"sql": {"type": "Infralineaire", "id": 5}, "couch": {"type": "TronconDigue", "id": "15ebdf498e143af398f0c649f400f49b"}}, {"sql": {"type": "Desordre", "id": 1}, "couch": {"type": "Desordre", "id": "15ebdf498e143af398f0c649f4011f41"}}]