[{"sql": {"type": "Observation", "id": 1}, "couch": {"type": "Desordre", "id": "56cd1445245610026d2aaaa14b002df6"}}, {"sql": {"type": "Observation", "id": 2}, "couch": {"type": "Desordre", "id": "56cd1445245610026d2aaaa14b0032dd"}}, {"sql": {"type": "Observation", "id": 3}, "couch": {"type": "Desordre", "id": "56cd1445245610026d2aaaa14b0039c7"}}, {"sql": {"type": "Observation", "id": 4}, "couch": {"type": "Desordre", "id": "56cd1445245610026d2aaaa14b004909"}}, {"sql": {"type": "Observation", "id": 5}, "couch": {"type": "Desordre", "id": "8467777c2a8523697caa7c1c140005c7"}}, {"sql": {"type": "Observation", "id": 6}, "couch": {"type": "Desordre", "id": "8467777c2a8523697caa7c1c14000f1e"}}, {"sql": {"type": "Observation", "id": 7}, "couch": {"type": "Desordre", "id": "8467777c2a8523697caa7c1c14001e6a"}}, {"sql": {"type": "Observation", "id": 8}, "couch": {"type": "Desordre", "id": "8467777c2a8523697caa7c1c14002c32"}}, {"sql": {"type": "Observation", "id": 9}, "couch": {"type": "Desordre", "id": "8467777c2a8523697caa7c1c140034d6"}}, {"sql": {"type": "Observation", "id": 10}, "couch": {"type": "Desordre", "id": "8467777c2a8523697caa7c1c140040e0"}}, {"sql": {"type": "Observation", "id": 11}, "couch": {"type": "Desordre", "id": "8467777c2a8523697caa7c1c14004902"}}, {"sql": {"type": "Observation", "id": 12}, "couch": {"type": "Desordre", "id": "8467777c2a8523697caa7c1c14005682"}}, {"sql": {"type": "Observation", "id": 13}, "couch": {"type": "Desordre", "id": "8467777c2a8523697caa7c1c140065b5"}}, {"sql": {"type": "Observation", "id": 14}, "couch": {"type": "Desordre", "id": "8467777c2a8523697caa7c1c14006932"}}, {"sql": {"type": "Observation", "id": 15}, "couch": {"type": "Desordre", "id": "8467777c2a8523697caa7c1c14006fb5"}}, {"sql": {"type": "Observation", "id": 16}, "couch": {"type": "Desordre", "id": "8467777c2a8523697caa7c1c14007a3b"}}, {"sql": {"type": "Observation", "id": 17}, "couch": {"type": "Desordre", "id": "8467777c2a8523697caa7c1c1400843b"}}, {"sql": {"type": "Observation", "id": 18}, "couch": {"type": "Desordre", "id": "8467777c2a8523697caa7c1c140089b5"}}, {"sql": {"type": "Observation", "id": 19}, "couch": {"type": "Desordre", "id": "8467777c2a8523697caa7c1c140090d9"}}, {"sql": {"type": "Observation", "id": 20}, "couch": {"type": "Desordre", "id": "8467777c2a8523697caa7c1c14009376"}}, {"sql": {"type": "Observation", "id": 21}, "couch": {"type": "Desordre", "id": "8467777c2a8523697caa7c1c14009555"}}, {"sql": {"type": "Observation", "id": 22}, "couch": {"type": "Desordre", "id": "8467777c2a8523697caa7c1c1400a501"}}, {"sql": {"type": "Observation", "id": 23}, "couch": {"type": "Desordre", "id": "8467777c2a8523697caa7c1c1400afab"}}, {"sql": {"type": "Observation", "id": 24}, "couch": {"type": "Desordre", "id": "8467777c2a8523697caa7c1c1400b47c"}}, {"sql": {"type": "Observation", "id": 25}, "couch": {"type": "Desordre", "id": "8467777c2a8523697caa7c1c1400c1f7"}}, {"sql": {"type": "Observation", "id": 26}, "couch": {"type": "Desordre", "id": "8467777c2a8523697caa7c1c1400d00a"}}, {"sql": {"type": "Observation", "id": 27}, "couch": {"type": "Desordre", "id": "8467777c2a8523697caa7c1c1400d119"}}, {"sql": {"type": "Observation", "id": 28}, "couch": {"type": "Desordre", "id": "8467777c2a8523697caa7c1c1400d508"}}, {"sql": {"type": "Observation", "id": 29}, "couch": {"type": "Desordre", "id": "8467777c2a8523697caa7c1c1400d63b"}}, {"sql": {"type": "Observation", "id": 30}, "couch": {"type": "Desordre", "id": "8467777c2a8523697caa7c1c1400e548"}}, {"sql": {"type": "Observation", "id": 31}, "couch": {"type": "Desordre", "id": "8467777c2a8523697caa7c1c1400ecef"}}, {"sql": {"type": "Observation", "id": 32}, "couch": {"type": "Desordre", "id": "8467777c2a8523697caa7c1c1400f719"}}, {"sql": {"type": "Observation", "id": 33}, "couch": {"type": "Desordre", "id": "8467777c2a8523697caa7c1c1400fbc4"}}, {"sql": {"type": "Observation", "id": 34}, "couch": {"type": "Desordre", "id": "8467777c2a8523697caa7c1c1400fdde"}}, {"sql": {"type": "Observation", "id": 35}, "couch": {"type": "Desordre", "id": "8467777c2a8523697caa7c1c1401056f"}}, {"sql": {"type": "Observation", "id": 36}, "couch": {"type": "Desordre", "id": "8467777c2a8523697caa7c1c140108b0"}}, {"sql": {"type": "Observation", "id": 37}, "couch": {"type": "Desordre", "id": "8467777c2a8523697caa7c1c140117a7"}}, {"sql": {"type": "Observation", "id": 38}, "couch": {"type": "Desordre", "id": "8467777c2a8523697caa7c1c14011e24"}}, {"sql": {"type": "Observation", "id": 39}, "couch": {"type": "Desordre", "id": "8467777c2a8523697caa7c1c14012291"}}, {"sql": {"type": "Observation", "id": 40}, "couch": {"type": "Desordre", "id": "8467777c2a8523697caa7c1c140129b4"}}, {"sql": {"type": "Observation", "id": 41}, "couch": {"type": "Desordre", "id": "8467777c2a8523697caa7c1c14013712"}}, {"sql": {"type": "Observation", "id": 42}, "couch": {"type": "Desordre", "id": "8467777c2a8523697caa7c1c14013dc4"}}, {"sql": {"type": "Observation", "id": 43}, "couch": {"type": "Desordre", "id": "8467777c2a8523697caa7c1c140143ef"}}, {"sql": {"type": "Observation", "id": 44}, "couch": {"type": "Desordre", "id": "8467777c2a8523697caa7c1c14014af0"}}, {"sql": {"type": "Observation", "id": 45}, "couch": {"type": "Desordre", "id": "8467777c2a8523697caa7c1c140152d6"}}, {"sql": {"type": "Observation", "id": 46}, "couch": {"type": "Desordre", "id": "8467777c2a8523697caa7c1c140157bf"}}, {"sql": {"type": "Observation", "id": 47}, "couch": {"type": "Desordre", "id": "8467777c2a8523697caa7c1c140164eb"}}, {"sql": {"type": "Observation", "id": 48}, "couch": {"type": "Desordre", "id": "8467777c2a8523697caa7c1c14016afb"}}, {"sql": {"type": "Observation", "id": 49}, "couch": {"type": "Desordre", "id": "8467777c2a8523697caa7c1c1401773d"}}, {"sql": {"type": "Observation", "id": 50}, "couch": {"type": "Desordre", "id": "8467777c2a8523697caa7c1c14018629"}}, {"sql": {"type": "Observation", "id": 51}, "couch": {"type": "Desordre", "id": "8467777c2a8523697caa7c1c1401877c"}}, {"sql": {"type": "Observation", "id": 52}, "couch": {"type": "Desordre", "id": "8467777c2a8523697caa7c1c14018a0c"}}, {"sql": {"type": "Observation", "id": 53}, "couch": {"type": "Desordre", "id": "8467777c2a8523697caa7c1c14019276"}}, {"sql": {"type": "Observation", "id": 54}, "couch": {"type": "Desordre", "id": "8467777c2a8523697caa7c1c1401a16d"}}, {"sql": {"type": "Observation", "id": 55}, "couch": {"type": "Desordre", "id": "8467777c2a8523697caa7c1c1401b073"}}, {"sql": {"type": "Observation", "id": 56}, "couch": {"type": "Desordre", "id": "8467777c2a8523697caa7c1c1401b59c"}}, {"sql": {"type": "Observation", "id": 57}, "couch": {"type": "Desordre", "id": "8467777c2a8523697caa7c1c1401c3bd"}}, {"sql": {"type": "Observation", "id": 58}, "couch": {"type": "Desordre", "id": "8467777c2a8523697caa7c1c1401c40f"}}, {"sql": {"type": "Observation", "id": 59}, "couch": {"type": "Desordre", "id": "8467777c2a8523697caa7c1c1401c957"}}, {"sql": {"type": "Observation", "id": 60}, "couch": {"type": "Desordre", "id": "8467777c2a8523697caa7c1c1401caf8"}}, {"sql": {"type": "Observation", "id": 61}, "couch": {"type": "Desordre", "id": "8467777c2a8523697caa7c1c1401d388"}}, {"sql": {"type": "Observation", "id": 62}, "couch": {"type": "Desordre", "id": "8467777c2a8523697caa7c1c1401dfd0"}}, {"sql": {"type": "Observation", "id": 63}, "couch": {"type": "Desordre", "id": "8467777c2a8523697caa7c1c1401ea9e"}}, {"sql": {"type": "Observation", "id": 64}, "couch": {"type": "Desordre", "id": "8467777c2a8523697caa7c1c1401f88d"}}, {"sql": {"type": "Observation", "id": 65}, "couch": {"type": "Desordre", "id": "8467777c2a8523697caa7c1c14020303"}}, {"sql": {"type": "Observation", "id": 66}, "couch": {"type": "Desordre", "id": "8467777c2a8523697caa7c1c1402104a"}}, {"sql": {"type": "Observation", "id": 67}, "couch": {"type": "Desordre", "id": "8467777c2a8523697caa7c1c140213e9"}}, {"sql": {"type": "Observation", "id": 68}, "couch": {"type": "Desordre", "id": "8467777c2a8523697caa7c1c14021c1e"}}, {"sql": {"type": "Observation", "id": 69}, "couch": {"type": "Desordre", "id": "8467777c2a8523697caa7c1c14022a5a"}}, {"sql": {"type": "Observation", "id": 70}, "couch": {"type": "Desordre", "id": "8467777c2a8523697caa7c1c14022cfc"}}, {"sql": {"type": "Observation", "id": 71}, "couch": {"type": "Desordre", "id": "8467777c2a8523697caa7c1c140232de"}}, {"sql": {"type": "Observation", "id": 72}, "couch": {"type": "Desordre", "id": "8467777c2a8523697caa7c1c140234f5"}}, {"sql": {"type": "Observation", "id": 73}, "couch": {"type": "Desordre", "id": "8467777c2a8523697caa7c1c1402404c"}}, {"sql": {"type": "Observation", "id": 74}, "couch": {"type": "Desordre", "id": "8467777c2a8523697caa7c1c1402486e"}}, {"sql": {"type": "Observation", "id": 75}, "couch": {"type": "Desordre", "id": "8467777c2a8523697caa7c1c14024987"}}, {"sql": {"type": "Observation", "id": 76}, "couch": {"type": "Desordre", "id": "8467777c2a8523697caa7c1c14025824"}}, {"sql": {"type": "Observation", "id": 77}, "couch": {"type": "Desordre", "id": "8467777c2a8523697caa7c1c14025aab"}}, {"sql": {"type": "Observation", "id": 78}, "couch": {"type": "Desordre", "id": "8467777c2a8523697caa7c1c14026160"}}, {"sql": {"type": "Observation", "id": 79}, "couch": {"type": "Desordre", "id": "8467777c2a8523697caa7c1c14026f9b"}}, {"sql": {"type": "Observation", "id": 80}, "couch": {"type": "Desordre", "id": "8467777c2a8523697caa7c1c1402700e"}}, {"sql": {"type": "Observation", "id": 81}, "couch": {"type": "Desordre", "id": "8467777c2a8523697caa7c1c140274ba"}}, {"sql": {"type": "Observation", "id": 82}, "couch": {"type": "Desordre", "id": "8467777c2a8523697caa7c1c14028496"}}, {"sql": {"type": "Observation", "id": 83}, "couch": {"type": "Desordre", "id": "8467777c2a8523697caa7c1c14028c0e"}}, {"sql": {"type": "Observation", "id": 84}, "couch": {"type": "Desordre", "id": "8467777c2a8523697caa7c1c140292ea"}}, {"sql": {"type": "Observation", "id": 85}, "couch": {"type": "Desordre", "id": "8467777c2a8523697caa7c1c14029d95"}}, {"sql": {"type": "Observation", "id": 86}, "couch": {"type": "Desordre", "id": "8467777c2a8523697caa7c1c14029fed"}}, {"sql": {"type": "Observation", "id": 87}, "couch": {"type": "Desordre", "id": "8467777c2a8523697caa7c1c1402a415"}}, {"sql": {"type": "Observation", "id": 88}, "couch": {"type": "Desordre", "id": "8467777c2a8523697caa7c1c1402ad49"}}, {"sql": {"type": "Observation", "id": 89}, "couch": {"type": "Desordre", "id": "8467777c2a8523697caa7c1c1402b8d2"}}, {"sql": {"type": "Observation", "id": 90}, "couch": {"type": "Desordre", "id": "8467777c2a8523697caa7c1c1402be34"}}, {"sql": {"type": "Observation", "id": 91}, "couch": {"type": "Desordre", "id": "8467777c2a8523697caa7c1c1402c774"}}, {"sql": {"type": "Observation", "id": 92}, "couch": {"type": "Desordre", "id": "8467777c2a8523697caa7c1c1402d0c5"}}, {"sql": {"type": "Observation", "id": 93}, "couch": {"type": "Desordre", "id": "8467777c2a8523697caa7c1c1402e015"}}, {"sql": {"type": "Observation", "id": 94}, "couch": {"type": "Desordre", "id": "8467777c2a8523697caa7c1c1402eabb"}}, {"sql": {"type": "Observation", "id": 95}, "couch": {"type": "Desordre", "id": "8467777c2a8523697caa7c1c1402f87f"}}, {"sql": {"type": "Noeud", "id": 1}, "couch": {"type": "BorneDigue", "id": "10326890bd5ffbe090b9184ecb00121e"}}, {"sql": {"type": "Noeud", "id": 2}, "couch": {"type": "BorneDigue", "id": "10326890bd5ffbe090b9184ecb0018e6"}}, {"sql": {"type": "Noeud", "id": 3}, "couch": {"type": "BorneDigue", "id": "10326890bd5ffbe090b9184ecb002ba3"}}, {"sql": {"type": "Noeud", "id": 4}, "couch": {"type": "BorneDigue", "id": "10326890bd5ffbe090b9184ecb002e96"}}, {"sql": {"type": "Noeud", "id": 5}, "couch": {"type": "BorneDigue", "id": "10326890bd5ffbe090b9184ecb0048da"}}, {"sql": {"type": "Noeud", "id": 6}, "couch": {"type": "BorneDigue", "id": "10326890bd5ffbe090b9184ecb004d5f"}}, {"sql": {"type": "Noeud", "id": 7}, "couch": {"type": "BorneDigue", "id": "10326890bd5ffbe090b9184ecb0068b3"}}, {"sql": {"type": "Noeud", "id": 8}, "couch": {"type": "BorneDigue", "id": "10326890bd5ffbe090b9184ecb006a4e"}}, {"sql": {"type": "Noeud", "id": 9}, "couch": {"type": "BorneDigue", "id": "10326890bd5ffbe090b9184ecb008710"}}, {"sql": {"type": "Noeud", "id": 10}, "couch": {"type": "BorneDigue", "id": "10326890bd5ffbe090b9184ecb009020"}}, {"sql": {"type": "Noeud", "id": 11}, "couch": {"type": "BorneDigue", "id": "10326890bd5ffbe090b9184ecb00b0ac"}}, {"sql": {"type": "Noeud", "id": 12}, "couch": {"type": "BorneDigue", "id": "10326890bd5ffbe090b9184ecb00bb0b"}}, {"sql": {"type": "Noeud", "id": 13}, "couch": {"type": "BorneDigue", "id": "10326890bd5ffbe090b9184ecb00d0b8"}}, {"sql": {"type": "Noeud", "id": 14}, "couch": {"type": "BorneDigue", "id": "10326890bd5ffbe090b9184ecb00dcdd"}}, {"sql": {"type": "Noeud", "id": 15}, "couch": {"type": "BorneDigue", "id": "10326890bd5ffbe090b9184ecb00efcb"}}, {"sql": {"type": "Noeud", "id": 16}, "couch": {"type": "BorneDigue", "id": "10326890bd5ffbe090b9184ecb00f260"}}, {"sql": {"type": "Infralineaire", "id": 1}, "couch": {"type": "TronconDigue", "id": "10326890bd5ffbe090b9184ecb0005fd"}}, {"sql": {"type": "Infralineaire", "id": 2}, "couch": {"type": "TronconDigue", "id": "10326890bd5ffbe090b9184ecb001c1b"}}, {"sql": {"type": "Infralineaire", "id": 3}, "couch": {"type": "TronconDigue", "id": "10326890bd5ffbe090b9184ecb0032ef"}}, {"sql": {"type": "Infralineaire", "id": 4}, "couch": {"type": "TronconDigue", "id": "10326890bd5ffbe090b9184ecb005d48"}}, {"sql": {"type": "Infralineaire", "id": 5}, "couch": {"type": "TronconDigue", "id": "10326890bd5ffbe090b9184ecb0079aa"}}, {"sql": {"type": "Infralineaire", "id": 6}, "couch": {"type": "TronconDigue", "id": "10326890bd5ffbe090b9184ecb0096d6"}}, {"sql": {"type": "Infralineaire", "id": 7}, "couch": {"type": "TronconDigue", "id": "10326890bd5ffbe090b9184ecb00c71a"}}, {"sql": {"type": "Infralineaire", "id": 8}, "couch": {"type": "TronconDigue", "id": "10326890bd5ffbe090b9184ecb00e077"}}, {"sql": {"type": "Desordre", "id": 1}, "couch": {"type": "Desordre", "id": "56cd1445245610026d2aaaa14b002df6"}}, {"sql": {"type": "Desordre", "id": 2}, "couch": {"type": "Desordre", "id": "56cd1445245610026d2aaaa14b0032dd"}}, {"sql": {"type": "Desordre", "id": 3}, "couch": {"type": "Desordre", "id": "56cd1445245610026d2aaaa14b0039c7"}}, {"sql": {"type": "Desordre", "id": 4}, "couch": {"type": "Desordre", "id": "56cd1445245610026d2aaaa14b004909"}}, {"sql": {"type": "Desordre", "id": 5}, "couch": {"type": "Desordre", "id": "8467777c2a8523697caa7c1c140005c7"}}, {"sql": {"type": "Desordre", "id": 6}, "couch": {"type": "Desordre", "id": "8467777c2a8523697caa7c1c14000f1e"}}, {"sql": {"type": "Desordre", "id": 7}, "couch": {"type": "Desordre", "id": "8467777c2a8523697caa7c1c14001e6a"}}, {"sql": {"type": "Desordre", "id": 8}, "couch": {"type": "Desordre", "id": "8467777c2a8523697caa7c1c14002c32"}}, {"sql": {"type": "Desordre", "id": 9}, "couch": {"type": "Desordre", "id": "8467777c2a8523697caa7c1c140034d6"}}, {"sql": {"type": "Desordre", "id": 10}, "couch": {"type": "Desordre", "id": "8467777c2a8523697caa7c1c140040e0"}}, {"sql": {"type": "Desordre", "id": 11}, "couch": {"type": "Desordre", "id": "8467777c2a8523697caa7c1c14004902"}}, {"sql": {"type": "Desordre", "id": 12}, "couch": {"type": "Desordre", "id": "8467777c2a8523697caa7c1c14005682"}}, {"sql": {"type": "Desordre", "id": 13}, "couch": {"type": "Desordre", "id": "8467777c2a8523697caa7c1c140065b5"}}, {"sql": {"type": "Desordre", "id": 14}, "couch": {"type": "Desordre", "id": "8467777c2a8523697caa7c1c14006932"}}, {"sql": {"type": "Desordre", "id": 15}, "couch": {"type": "Desordre", "id": "8467777c2a8523697caa7c1c14006fb5"}}, {"sql": {"type": "Desordre", "id": 16}, "couch": {"type": "Desordre", "id": "8467777c2a8523697caa7c1c14007a3b"}}, {"sql": {"type": "Desordre", "id": 17}, "couch": {"type": "Desordre", "id": "8467777c2a8523697caa7c1c1400843b"}}, {"sql": {"type": "Desordre", "id": 18}, "couch": {"type": "Desordre", "id": "8467777c2a8523697caa7c1c140089b5"}}, {"sql": {"type": "Desordre", "id": 19}, "couch": {"type": "Desordre", "id": "8467777c2a8523697caa7c1c140090d9"}}, {"sql": {"type": "Desordre", "id": 20}, "couch": {"type": "Desordre", "id": "8467777c2a8523697caa7c1c14009376"}}, {"sql": {"type": "Desordre", "id": 21}, "couch": {"type": "Desordre", "id": "8467777c2a8523697caa7c1c14009555"}}, {"sql": {"type": "Desordre", "id": 22}, "couch": {"type": "Desordre", "id": "8467777c2a8523697caa7c1c1400a501"}}, {"sql": {"type": "Desordre", "id": 23}, "couch": {"type": "Desordre", "id": "8467777c2a8523697caa7c1c1400afab"}}, {"sql": {"type": "Desordre", "id": 24}, "couch": {"type": "Desordre", "id": "8467777c2a8523697caa7c1c1400b47c"}}, {"sql": {"type": "Desordre", "id": 25}, "couch": {"type": "Desordre", "id": "8467777c2a8523697caa7c1c1400c1f7"}}, {"sql": {"type": "Desordre", "id": 26}, "couch": {"type": "Desordre", "id": "8467777c2a8523697caa7c1c1400d00a"}}, {"sql": {"type": "Desordre", "id": 27}, "couch": {"type": "Desordre", "id": "8467777c2a8523697caa7c1c1400d119"}}, {"sql": {"type": "Desordre", "id": 28}, "couch": {"type": "Desordre", "id": "8467777c2a8523697caa7c1c1400d508"}}, {"sql": {"type": "Desordre", "id": 29}, "couch": {"type": "Desordre", "id": "8467777c2a8523697caa7c1c1400d63b"}}, {"sql": {"type": "Desordre", "id": 30}, "couch": {"type": "Desordre", "id": "8467777c2a8523697caa7c1c1400e548"}}, {"sql": {"type": "Desordre", "id": 31}, "couch": {"type": "Desordre", "id": "8467777c2a8523697caa7c1c1400ecef"}}, {"sql": {"type": "Desordre", "id": 32}, "couch": {"type": "Desordre", "id": "8467777c2a8523697caa7c1c1400f719"}}, {"sql": {"type": "Desordre", "id": 33}, "couch": {"type": "Desordre", "id": "8467777c2a8523697caa7c1c1400fbc4"}}, {"sql": {"type": "Desordre", "id": 34}, "couch": {"type": "Desordre", "id": "8467777c2a8523697caa7c1c1400fdde"}}, {"sql": {"type": "Desordre", "id": 35}, "couch": {"type": "Desordre", "id": "8467777c2a8523697caa7c1c1401056f"}}, {"sql": {"type": "Desordre", "id": 36}, "couch": {"type": "Desordre", "id": "8467777c2a8523697caa7c1c140108b0"}}, {"sql": {"type": "Desordre", "id": 37}, "couch": {"type": "Desordre", "id": "8467777c2a8523697caa7c1c140117a7"}}, {"sql": {"type": "Desordre", "id": 38}, "couch": {"type": "Desordre", "id": "8467777c2a8523697caa7c1c14011e24"}}, {"sql": {"type": "Desordre", "id": 39}, "couch": {"type": "Desordre", "id": "8467777c2a8523697caa7c1c14012291"}}, {"sql": {"type": "Desordre", "id": 40}, "couch": {"type": "Desordre", "id": "8467777c2a8523697caa7c1c140129b4"}}, {"sql": {"type": "Desordre", "id": 41}, "couch": {"type": "Desordre", "id": "8467777c2a8523697caa7c1c14013712"}}, {"sql": {"type": "Desordre", "id": 42}, "couch": {"type": "Desordre", "id": "8467777c2a8523697caa7c1c14013dc4"}}, {"sql": {"type": "Desordre", "id": 43}, "couch": {"type": "Desordre", "id": "8467777c2a8523697caa7c1c140143ef"}}, {"sql": {"type": "Desordre", "id": 44}, "couch": {"type": "Desordre", "id": "8467777c2a8523697caa7c1c14014af0"}}, {"sql": {"type": "Desordre", "id": 45}, "couch": {"type": "Desordre", "id": "8467777c2a8523697caa7c1c140152d6"}}, {"sql": {"type": "Desordre", "id": 46}, "couch": {"type": "Desordre", "id": "8467777c2a8523697caa7c1c140157bf"}}, {"sql": {"type": "Desordre", "id": 47}, "couch": {"type": "Desordre", "id": "8467777c2a8523697caa7c1c140164eb"}}, {"sql": {"type": "Desordre", "id": 48}, "couch": {"type": "Desordre", "id": "8467777c2a8523697caa7c1c14016afb"}}, {"sql": {"type": "Desordre", "id": 49}, "couch": {"type": "Desordre", "id": "8467777c2a8523697caa7c1c1401773d"}}, {"sql": {"type": "Desordre", "id": 50}, "couch": {"type": "Desordre", "id": "8467777c2a8523697caa7c1c14018629"}}, {"sql": {"type": "Desordre", "id": 51}, "couch": {"type": "Desordre", "id": "8467777c2a8523697caa7c1c1401877c"}}, {"sql": {"type": "Desordre", "id": 52}, "couch": {"type": "Desordre", "id": "8467777c2a8523697caa7c1c14018a0c"}}, {"sql": {"type": "Desordre", "id": 53}, "couch": {"type": "Desordre", "id": "8467777c2a8523697caa7c1c14019276"}}, {"sql": {"type": "Desordre", "id": 54}, "couch": {"type": "Desordre", "id": "8467777c2a8523697caa7c1c1401a16d"}}, {"sql": {"type": "Desordre", "id": 55}, "couch": {"type": "Desordre", "id": "8467777c2a8523697caa7c1c1401b073"}}, {"sql": {"type": "Desordre", "id": 56}, "couch": {"type": "Desordre", "id": "8467777c2a8523697caa7c1c1401b59c"}}, {"sql": {"type": "Desordre", "id": 57}, "couch": {"type": "Desordre", "id": "8467777c2a8523697caa7c1c1401c3bd"}}, {"sql": {"type": "Desordre", "id": 58}, "couch": {"type": "Desordre", "id": "8467777c2a8523697caa7c1c1401c40f"}}, {"sql": {"type": "Desordre", "id": 59}, "couch": {"type": "Desordre", "id": "8467777c2a8523697caa7c1c1401c957"}}, {"sql": {"type": "Desordre", "id": 60}, "couch": {"type": "Desordre", "id": "8467777c2a8523697caa7c1c1401caf8"}}, {"sql": {"type": "Desordre", "id": 61}, "couch": {"type": "Desordre", "id": "8467777c2a8523697caa7c1c1401d388"}}, {"sql": {"type": "Desordre", "id": 62}, "couch": {"type": "Desordre", "id": "8467777c2a8523697caa7c1c1401dfd0"}}, {"sql": {"type": "Desordre", "id": 63}, "couch": {"type": "Desordre", "id": "8467777c2a8523697caa7c1c1401ea9e"}}, {"sql": {"type": "Desordre", "id": 64}, "couch": {"type": "Desordre", "id": "8467777c2a8523697caa7c1c1401f88d"}}, {"sql": {"type": "Desordre", "id": 65}, "couch": {"type": "Desordre", "id": "8467777c2a8523697caa7c1c14020303"}}, {"sql": {"type": "Desordre", "id": 66}, "couch": {"type": "Desordre", "id": "8467777c2a8523697caa7c1c1402104a"}}, {"sql": {"type": "Desordre", "id": 67}, "couch": {"type": "Desordre", "id": "8467777c2a8523697caa7c1c140213e9"}}, {"sql": {"type": "Desordre", "id": 68}, "couch": {"type": "Desordre", "id": "8467777c2a8523697caa7c1c14021c1e"}}, {"sql": {"type": "Desordre", "id": 69}, "couch": {"type": "Desordre", "id": "8467777c2a8523697caa7c1c14022a5a"}}, {"sql": {"type": "Desordre", "id": 70}, "couch": {"type": "Desordre", "id": "8467777c2a8523697caa7c1c14022cfc"}}, {"sql": {"type": "Desordre", "id": 71}, "couch": {"type": "Desordre", "id": "8467777c2a8523697caa7c1c140232de"}}, {"sql": {"type": "Desordre", "id": 72}, "couch": {"type": "Desordre", "id": "8467777c2a8523697caa7c1c140234f5"}}, {"sql": {"type": "Desordre", "id": 73}, "couch": {"type": "Desordre", "id": "8467777c2a8523697caa7c1c1402404c"}}, {"sql": {"type": "Desordre", "id": 74}, "couch": {"type": "Desordre", "id": "8467777c2a8523697caa7c1c1402486e"}}, {"sql": {"type": "Desordre", "id": 75}, "couch": {"type": "Desordre", "id": "8467777c2a8523697caa7c1c14024987"}}, {"sql": {"type": "Desordre", "id": 76}, "couch": {"type": "Desordre", "id": "8467777c2a8523697caa7c1c14025824"}}, {"sql": {"type": "Desordre", "id": 77}, "couch": {"type": "Desordre", "id": "8467777c2a8523697caa7c1c14025aab"}}, {"sql": {"type": "Desordre", "id": 78}, "couch": {"type": "Desordre", "id": "8467777c2a8523697caa7c1c14026160"}}, {"sql": {"type": "Desordre", "id": 79}, "couch": {"type": "Desordre", "id": "8467777c2a8523697caa7c1c14026f9b"}}, {"sql": {"type": "Desordre", "id": 80}, "couch": {"type": "Desordre", "id": "8467777c2a8523697caa7c1c1402700e"}}, {"sql": {"type": "Desordre", "id": 81}, "couch": {"type": "Desordre", "id": "8467777c2a8523697caa7c1c140274ba"}}, {"sql": {"type": "Desordre", "id": 82}, "couch": {"type": "Desordre", "id": "8467777c2a8523697caa7c1c14028496"}}, {"sql": {"type": "Desordre", "id": 83}, "couch": {"type": "Desordre", "id": "8467777c2a8523697caa7c1c14028c0e"}}, {"sql": {"type": "Desordre", "id": 84}, "couch": {"type": "Desordre", "id": "8467777c2a8523697caa7c1c140292ea"}}, {"sql": {"type": "Desordre", "id": 85}, "couch": {"type": "Desordre", "id": "8467777c2a8523697caa7c1c14029d95"}}, {"sql": {"type": "Desordre", "id": 86}, "couch": {"type": "Desordre", "id": "8467777c2a8523697caa7c1c14029fed"}}, {"sql": {"type": "Desordre", "id": 87}, "couch": {"type": "Desordre", "id": "8467777c2a8523697caa7c1c1402a415"}}, {"sql": {"type": "Desordre", "id": 88}, "couch": {"type": "Desordre", "id": "8467777c2a8523697caa7c1c1402ad49"}}, {"sql": {"type": "Desordre", "id": 89}, "couch": {"type": "Desordre", "id": "8467777c2a8523697caa7c1c1402b8d2"}}, {"sql": {"type": "Desordre", "id": 90}, "couch": {"type": "Desordre", "id": "8467777c2a8523697caa7c1c1402be34"}}, {"sql": {"type": "Desordre", "id": 91}, "couch": {"type": "Desordre", "id": "8467777c2a8523697caa7c1c1402c774"}}, {"sql": {"type": "Desordre", "id": 92}, "couch": {"type": "Desordre", "id": "8467777c2a8523697caa7c1c1402d0c5"}}, {"sql": {"type": "Desordre", "id": 93}, "couch": {"type": "Desordre", "id": "8467777c2a8523697caa7c1c1402e015"}}, {"sql": {"type": "Desordre", "id": 94}, "couch": {"type": "Desordre", "id": "8467777c2a8523697caa7c1c1402eabb"}}, {"sql": {"type": "Desordre", "id": 95}, "couch": {"type": "Desordre", "id": "8467777c2a8523697caa7c1c1402f87f"}}]