[{"sql": {"type": "Desordre", "id": 1}, "couch": {"type": "Desordre", "id": "371622316a89a1e1ee6a8025380581cd"}}, {"couch": {"type": "Desordre", "id": "371622316a89a1e1ee6a8025380589f0"}, "sql": {"type": "Desordre", "id": 2}}, {"sql": {"type": "Desordre", "id": 3}, "couch": {"type": "Desordre", "id": "371622316a89a1e1ee6a8025380593ad"}}, {"couch": {"type": "BorneDigueDebut", "id": "371622316a89a1e1ee6a8025380598f5"}, "sql": {"type": null, "id": 1}}, {"sql": {"type": null, "id": 1}, "couch": {"type": "BorneDigueFin", "id": "371622316a89a1e1ee6a802538059d66"}}, {"couch": {"type": "SystemeReperageBorne", "id": "371622316a89a1e1ee6a80253805a982"}, "sql": {"type": "Desordre", "id": 1}}, {"sql": {"type": "Desordre", "id": 1}, "couch": {"type": "SystemeEndiguement", "id": "371622316a89a1e1ee6a80253805a983"}}, {"couch": {"type": "Digue", "id": "371622316a89a1e1ee6a80253805ae33"}, "sql": {"type": "Digue", "id": 1}}, {"sql": {"type": null, "id": 1}, "couch": {"type": "BorneDigueDebut", "id": "371622316a89a1e1ee6a80253805b33e"}}, {"couch": {"type": "BorneDigueFin", "id": "371622316a89a1e1ee6a80253805baec"}, "sql": {"type": null, "id": 1}}, {"sql": {"type": "Infralineaire", "id": 1}, "couch": {"type": "TronconDigue", "id": "371622316a89a1e1ee6a80253805ca66"}}, {"couch": {"type": "BorneDigueDebut", "id": "371622316a89a1e1ee6a80253805cc03"}, "sql": {"type": null, "id": 2}}, {"sql": {"type": null, "id": 2}, "couch": {"type": "BorneDigueFin", "id": "371622316a89a1e1ee6a80253805cfcb"}}, {"couch": {"type": "TronconDigue", "id": "371622316a89a1e1ee6a80253805d733"}, "sql": {"type": "Infralineaire", "id": 2}}, {"sql": {"type": null, "id": 3}, "couch": {"type": "BorneDigueDebut", "id": "371622316a89a1e1ee6a80253805d978"}}, {"couch": {"type": "BorneDigueFin", "id": "371622316a89a1e1ee6a80253805e4f1"}, "sql": {"type": null, "id": 3}}, {"sql": {"type": "Infralineaire", "id": 3}, "couch": {"type": "TronconDigue", "id": "371622316a89a1e1ee6a80253805eac8"}}]